"biaId","name","brands","legalName","identificationNumber","address","city","phones","fax","emails","website","facebook","instagram","linkedin","youtube","categories","companySize","yearFounded","employees","description","workingHours","lat","lng","logoUrl","biaUrl","sourceSubcategory","sourceSubcategoryId","sourceCategory","sourceCategoryId"
"3227","ამერიტექი","არაი თუმოროუ","","204527609","0179, თბილისი, ძველი თბილისის რაიონი, შანიძის ქ. 21","","+995322300500; +995322604333; +995322517388; +995322223725","","","https://www.aray.ge/","https://www.facebook.com/ArayTomorrow","","","","დილერები; დისტრიბუტორები; კომპიუტერული ტექნიკით და აქსესუარებით ვაჭრობა (საცალო); საყოფაცხოვრებო ტექნიკით ვაჭრობა (საცალო); ციფრული ტექნიკით ვაჭრობა; მობილური ტელეფონებით და აქსესუარებით ვაჭრობა (საცალო)","","","","","ორშაბათი - კვირა: 10:00 - 19:00","","","","https://www.bia.ge/Company/3227","Subcategory 3279","3279","Direct",""
"94936","ბარათელი","ბარათელი","","206332048","0144, თბილისი, ისანი-სამგორის რაიონი, წმინდა ქეთევან დედოფლის გამზირი 77, ბ. კომერციული ფართი 1","","+995551557878; +995514888881","","","","https://www.facebook.com/BIA.BusinessInformationAgency/","","","","დილერები; დისტრიბუტორები; ელექტროხელსაწყოებით და ელექტროპროდუქციით ვაჭრობა; სასოფლო–სამეურნეო ინვენტარით, ტექნიკით, მოწყობილობით ვაჭრობა","","","","","ორშაბათი - კვირა: 09:00 - 19:00","","","","https://www.bia.ge/Company/94936","Subcategory 3279","3279","Direct",""
"6613","ბეიბი ფუდი","ბეიბი ფუდი","","401957931","0154, თბილისი, დიდუბე-ჩუღურეთის რაიონი, თევდორე მღვდლის ქ. 51–53","","+995577185010","","","https://www.hipp.ge/","https://www.facebook.com/hippgeorgia","","","","დისტრიბუტორები; დილერები; თმის მოვლის საშუალებებით ვაჭრობა; ბავშვთა საკვები პროდუქტებით ვაჭრობა (საბითუმო); ჰიგიენური პროდუქციით ვაჭრობა (საბითუმო)","","","","","ორშაბათი - პარასკევი: 10:00 - 18:00","","","","https://www.bia.ge/Company/6613","Subcategory 3279","3279","Direct",""
"93938","გურჯი 2","ბეკო სენაკი","","415100517","4400, სამეგრელო-ზემო სვანეთი, ფოთი, ჩიტაძის ქ. 29","","+995598935050","","","","https://www.facebook.com/BIA.BusinessInformationAgency/","","","","დილერები; საყოფაცხოვრებო ტექნიკით ვაჭრობა (საცალო)","","","","","ორშაბათი - კვირა: 10:00 - 18:00","","","","https://www.bia.ge/Company/93938","Subcategory 3279","3279","Direct",""
"5413","კალდერა","კალდერა","","205141345","0160, თბილისი, ვაკე-საბურთალოს რაიონი, ვაჟა-ფშაველას გამზ. 29ა","","+995322395353; +995577406907","","","http://www.caldera.ge/","https://www.facebook.com/calderaltd","","","","დილერები; სანტექნიკური მოწყობილობებით და აქსესუარებით ვაჭრობა (საცალო); სამშენებლო მასალებით ვაჭრობა (საცალო); თბოსაიზოლაციო მასალებით ვაჭრობა; სანტექნიკური მოწყობილობებით და აქსესუარებით ვაჭრობა (საბითუმო); სამშენებლო მასალებით ვაჭრობა (საბითუმო); მილებით და მილგასაყვანი არმატურით ვაჭრობა; გათბობის სისტემებით და მოწყობილობებით ვაჭრობა, მონტაჟი","","","","","ორშაბათი - პარასკევი: 10:00 - 17:30","","","","https://www.bia.ge/Company/5413","Subcategory 3279","3279","Direct",""
"118095","მალხაზ კირვალიძე","მალხაზ კირვალიძე","","20001013996","2200, კახეთი, თელავის რაიონი, თელავი, ტაბიძის ქ. 3","","+995599566066","","","","https://www.facebook.com/BIA.BusinessInformationAgency/","","","","დილერები; თევზით და ზღვის პროდუქტებით ვაჭრობა; თევზის მოშენება; ფრინველის საკვებით ვაჭრობა; ცხოველების საკვებით ვაჭრობა; მეცხოველეობა; ღორების მოშენება; ღორებით ვაჭრობა","","","","","ორშაბათი - პარასკევი: 09:00 - 16:00","","","","https://www.bia.ge/Company/118095","Subcategory 3279","3279","Direct",""
"5108","ნორექსი","ნორექსი","","204383229","0192, თბილისი, გლდანი-ნაძალადევის რაიონი, გურამიშვილის გამზ. 8","","+995322692022","","","","https://www.facebook.com/pages/%E1%83%A0%E1%83%94%E1%83%A1%E1%83%A2%E1%83%9D%E1%83%A0%E1%83%90%E1%83%9C%E1%83%98-%E1%83%97%E1%83%90%E1%83%95%E1%83%9A%E1%83%90/296054260550801","","","","ბენზინგასამართი სადგურები; ავტოსამრეცხაოები; დილერები; მარკეტები; რესტორნები; ქართული სამზარეულო","","","","","ორშაბათი - კვირა: 00:00 - 00:00","","","","https://www.bia.ge/Company/5108","Subcategory 3279","3279","Direct",""
"15800","პაპ ჯგუფი","პაპ ჯგუფი","","431165348","2200, კახეთი, თელავის რაიონი, თელავი, ვარდოშვილის ქ.","","+995597707083","","","","https://www.facebook.com/BIA.BusinessInformationAgency/","","","","დილერები; კომპიუტერული ტექნიკით და აქსესუარებით ვაჭრობა (საცალო); საყოფაცხოვრებო ტექნიკით ვაჭრობა (საცალო)","","","","","ორშაბათი - კვირა: 10:00 - 18:00","","","","https://www.bia.ge/Company/15800","Subcategory 3279","3279","Direct",""
"18838","პროფი","პროფი","","404863698","0179, თბილისი, ვაკე-საბურთალოს რაიონი, ფალიაშვილის ქ. 44/5, ბ. 8","","+995568001955; +995592985050; +995597008208","","","http://www.profi.ge/","https://www.facebook.com/BIA.BusinessInformationAgency/","","","","დილერები; ლაქ-საღებავებით, წებოებით, სამშენებლო ქიმიით ვაჭრობა; ცემენტით ვაჭრობა; სარემონტო მასალებით ვაჭრობა","","","","","ორშაბათი - შაბათი: 09:00 - 18:00","","","","https://www.bia.ge/Company/18838","Subcategory 3279","3279","Direct",""
"5717","სანი","სანი","","219630157","4300, იმერეთი, ტყიბულის რაიონი, ტყიბული, თბილისის ქ. 4","","+995577429031","","","","https://www.facebook.com/BIA.BusinessInformationAgency/","","","","დილერები; სამშენებლო და მოსაპირკეთებელი მასალებით ვაჭრობა","","","","","ორშაბათი - პარასკევი: 09:00 - 18:00","","","","https://www.bia.ge/Company/5717","Subcategory 3279","3279","Direct",""
"100193","ტექ ვიშ","ტექ ვიშ","","412739862","4600, იმერეთი, ქუთაისი, ხაბეიშვილის ქ. 44","","+995551203403","","","http://www.techwish.ge/","https://www.facebook.com/technologywish","","","","დილერები; კომპიუტერული ტექნიკით და აქსესუარებით ვაჭრობა (საბითუმო); საყოფაცხოვრებო ტექნიკით ვაჭრობა (საბითუმო); მობილური ტელეფონებით და აქსესუარებით ვაჭრობა (საბითუმო)","","","","","ორშაბათი - კვირა: 10:00 - 22:00","","","","https://www.bia.ge/Company/100193","Subcategory 3279","3279","Direct",""
"114741","ტექ ვიშ","ტექ ვიშ","","425058983","1001, იმერეთი, ბაღდათის რაიონი, დიმი 30, 1 ჩიხი, 3","","+995551203403","","","http://www.techwish.ge/","https://www.facebook.com/technologywish","","","","დილერები; კომპიუტერული ტექნიკით და აქსესუარებით ვაჭრობა (საცალო); საყოფაცხოვრებო ტექნიკით ვაჭრობა (საცალო); მობილური ტელეფონებით და აქსესუარებით ვაჭრობა (საცალო)","","","","","ორშაბათი - კვირა: 10:00 - 22:00","","","","https://www.bia.ge/Company/114741","Subcategory 3279","3279","Direct",""
"58744","ცემ +","ცემ +","","412714638","4600, იმერეთი, ქუთაისი, ა. ხორავას ქ. 6","","+995595737329","","","","https://www.facebook.com/BIA.BusinessInformationAgency/","","","","დილერები; ცემენტით ვაჭრობა","","","","","ორშაბათი - კვირა: 09:00 - 18:00","","","","https://www.bia.ge/Company/58744","Subcategory 3279","3279","Direct",""
"119273","ჯ და ჯ საბითუმო ბაზა","ჯ და ჯ საბითუმო ბაზა","","400324760","0172, თბილისი, გლდანი-ნაძალადევის რაიონი, მუხიანის დასახლება IVა მ/რ 11 კორპ., ბ. 109","","+995574434141; +995571636364","","","","https://www.facebook.com/BIA.BusinessInformationAgency/","","","","დილერები; ელექტროსამონტაჟო პროდუქციით, კაბელებით ვაჭრობა; განათების საშუალებებით ვაჭრობა და მონტაჟი","","","","","ორშაბათი - კვირა: 09:00 - 17:30","","","","https://www.bia.ge/Company/119273","Subcategory 3279","3279","Direct",""
"6783","ჯეოდიზაინი +","ჯეოდიზაინი +","","205284333","0167, თბილისი, გლდანი-ნაძალადევის რაიონი, ბოჭორიშვილის ქ. 8, ბ. 15","","+995322356039","","","","https://www.facebook.com/BIA.BusinessInformationAgency/","","","","დილერები; სამშენებლო და მოსაპირკეთებელი მასალებით ვაჭრობა; სამშენებლო მასალებით ვაჭრობა (საცალო)","","","","","ორშაბათი - შაბათი: 09:00 - 17:00","","","","https://www.bia.ge/Company/6783","Subcategory 3279","3279","Direct",""
"29434","Mhouse","ემჰაუსი","","231260541","2200, კახეთი, თელავის რაიონი, თელავი, ვარდოშვილის ქ. 15","","+995568108800","","","","https://www.facebook.com/BIA.BusinessInformationAgency/","","","","დილერები; ლაქ-საღებავებით, წებოებით, სამშენებლო ქიმიით ვაჭრობა; სამშენებლო მასალებით ვაჭრობა (საბითუმო); სამშენებლო მასალებით ვაჭრობა (საცალო); სამშენებლო ტექნიკით და ინსტრუმენტებით ვაჭრობა; სპეცტანსაცმლით ვაჭრობა","","","","","ორშაბათი - კვირა: 09:00 - 18:00","","","","https://www.bia.ge/Company/29434","Subcategory 3279","3279","Direct",""
"9551","UCS Georgia","იუსიეს ჯორჯია","","404948660","0160, თბილისი, ვაკე-საბურთალოს რაიონი, კანდელაკის ქ. 10, ბ. 40","","+995591040998; +995597172076","","","http://www.ucs.ge/","https://www.facebook.com/rkeeper.georgia","","","","დილერები; პროგრამული უზრუნველყოფა","","","","რესტორნის, საწყობის,სასტუმროს, გასართობი ცენტრის, ფიტნეს კლუბის, კინოთეატრის და სხვა ნებისმიერი ტიპის კვებისა და განთავსების ობიექტების ავტომატიზაციის სისტემები","ორშაბათი - პარასკევი: 11:00 - 19:00","","","","https://www.bia.ge/Company/9551","Subcategory 3279","3279","Direct",""
"100676","ამრაჰ მამედოვი","გოლდენ როუსი","","01017045198","0114, თბილისი, ისანი-სამგორის რაიონი, სოლომონ 2–ის ქ. 11, ბ. 11","","+995579526565","","","","https://www.facebook.com/BIA.BusinessInformationAgency/","","","","დილერები; პარფიუმერული და კოსმეტიკური ნაწარმით ვაჭრობა","","","","","ორშაბათი - კვირა: 09:00 - 16:00","","","","https://www.bia.ge/Company/100676","Subcategory 3279","3279","Direct",""
"94937","არმენ გევორქიანი","არმენ გევორქიანი","","01027005213","0163, თბილისი, ისანი-სამგორის რაიონი, ვარკეთილის_3 1 მ/რ 32 კორპ., ბ. 1","","+995597564912","","","","https://www.facebook.com/BIA.BusinessInformationAgency/","","","","დილერები; ელექტრო ტექნიკის შეკეთება, მონტაჟი","","","","","ორშაბათი - შაბათი: 10:00 - 18:00","","","","https://www.bia.ge/Company/94937","Subcategory 3279","3279","Direct",""
"33023","ახალი ტექნოლოგიები","ახალი ტექნოლოგიები","","401997069","0119, თბილისი, დიდუბე-ჩუღურეთის რაიონი, ელიავას ბაზრობის მიმდებარე ტერიტორია ნაკვეთი 4/115","","+995599549876","","","","https://www.facebook.com/BIA.BusinessInformationAgency/","","","","დილერები; ლაქ-საღებავებით, წებოებით, სამშენებლო ქიმიით ვაჭრობა; სარემონტო მასალებით ვაჭრობა","","","","","ორშაბათი - პარასკევი: 09:00 - 18:00","","","","https://www.bia.ge/Company/33023","Subcategory 3279","3279","Direct",""
"104174","ბ.კ.კ. კომპანი","ბ.კ.კ. კომპანი","","445560152","6000, აჭარის ავტონომიური რესპუბლიკა, ბათუმი, ლერმონტოვის ქ. 129, ბ. 40","","+995555229133","","","","https://www.facebook.com/BIA.BusinessInformationAgency/","","","","დისტრიბუტორები; დილერები; საკონდიტრო ნაწარმით ვაჭრობა (საბითუმო); საკონდიტრო ნაწარმით ვაჭრობა (საცალო)","","","","","ორშაბათი - კვირა: 09:00 - 20:00","","","","https://www.bia.ge/Company/104174","Subcategory 3279","3279","Direct",""
"101644","გიგლს","გიგლს","","405303611","0162, თბილისი, ვაკე-საბურთალოს რაიონი, ი. აბაშიძის ქ. 70, ბ. 157","","+995551189800","","","https://www.giggles.ge/","https://www.facebook.com/GigglesGeo","","","","დისტრიბუტორები; დილერები; ოპტიკური პროდუქციით ვაჭრობა; სათვალეების, ჩარჩოების და ლინზების წარმოება","","","","","ორშაბათი - პარასკევი: 10:00 - 18:00","","","","https://www.bia.ge/Company/101644","Subcategory 3279","3279","Direct",""
"7557","თელგი","თელგი","","412675813","4600, იმერეთი, ქუთაისი, ტყიბულის I შეს. 31","","+995431230787","","","","https://www.facebook.com/BIA.BusinessInformationAgency/","","","","დილერები; კომპიუტერული ტექნიკით და აქსესუარებით ვაჭრობა (საცალო); გათბობის სისტემებით და მოწყობილობებით ვაჭრობა, მონტაჟი; ელექტროხელსაწყოებით და ელექტროპროდუქციით ვაჭრობა; ლამინირებული იატაკით და სხვა ლამინირებული მასალებით ვაჭრობა; სანტექნიკური მოწყობილობებით და აქსესუარებით ვაჭრობა (საცალო); სარემონტო მასალებით ვაჭრობა; სამშენებლო და მოსაპირკეთებელი მასალებით ვაჭრობა; კერამიკული ფილებით ვაჭრობა; ციფრული ტექნიკით ვაჭრობა; საყოფაცხოვრებო ტექნიკით ვაჭრობა (საცალო); მობილური ტელეფონებით და აქსესუარებით ვაჭრობა (საცალო)","","","","","ორშაბათი - კვირა: 10:00 - 19:00","","","","https://www.bia.ge/Company/7557","Subcategory 3279","3279","Direct",""
"118104","მეგფუდი","მეგფუდი","","415100848","4400, სამეგრელო-ზემო სვანეთი, ფოთი, 26 მაისის ქ. 12","","+995595412424","","","","https://www.facebook.com/BIA.BusinessInformationAgency/","","","","დილერები; ფრინველის საკვებით ვაჭრობა; ცხოველების საკვებით ვაჭრობა","","","","","ორშაბათი - შაბათი: 09:00 - 18:00","","","","https://www.bia.ge/Company/118104","Subcategory 3279","3279","Direct",""
"73606","პრემიერ მოტორსი","პრემიერ მოტორსი","","405062989","0177, თბილისი, ვაკე-საბურთალოს რაიონი, დელისის ქ. 50ა","","+995322054445","","","","https://www.facebook.com/BIA.BusinessInformationAgency/","","","","ავტომობილების სათადარიგო ნაწილებით ვაჭრობა; ავტოსერვისი; დილერები","","","","","ორშაბათი - შაბათი: 09:00 - 18:00","","","","https://www.bia.ge/Company/73606","Subcategory 3279","3279","Direct",""
"4037","რენა 2008","რენა 2008","","200264604","0119, თბილისი, დიდუბე-ჩუღურეთის რაიონი, ხოშარაულის ქ. 29","","+995595223344","","","","https://www.facebook.com/BIA.BusinessInformationAgency/","","","","დისტრიბუტორები; დილერები; სამშენებლო მასალებით ვაჭრობა (საბითუმო); სამშენებლო მასალებით ვაჭრობა (საცალო)","","","","","ორშაბათი - კვირა: 09:00 - 18:00","","","","https://www.bia.ge/Company/4037","Subcategory 3279","3279","Direct",""
"103571","საქართველოს მომავალი","საქართველოს მომავალი","","443865514","5708, შიდა ქართლი, ხაშურის რაიონი, ცხრამუხა","","+995555971775","","","","https://www.facebook.com/BIA.BusinessInformationAgency/","","","","დისტრიბუტორები; დილერები; უალკოჰოლო სასმელებით ვაჭრობა (საბითუმო); უალკოჰოლო სასმელებით ვაჭრობა (საცალო)","","","","","ორშაბათი - პარასკევი: 10:00 - 18:00","","","","https://www.bia.ge/Company/103571","Subcategory 3279","3279","Direct",""
"13624","ტექნო სახლი","ტექნო სახლი","","417874982","1400, შიდა ქართლი, გორის რაიონი, გორი, გორი-ცხინვალის გზატკეცილი 9","","+995595959588; +995595003438","","","http://www.teqnoshop.ge/","https://www.facebook.com/www.technoshop.ge","","","","დილერები; საყოფაცხოვრებო ტექნიკით ვაჭრობა (საცალო)","","","","","ორშაბათი - კვირა: 10:00 - 18:00","","","","https://www.bia.ge/Company/13624","Subcategory 3279","3279","Direct",""
"98206","უნიკა","უნიკა","","400231968","0104, თბილისი, გლდანი-ნაძალადევის რაიონი, სანავარდოს ქ. 63","","+995599190182","","","","https://www.facebook.com/BIA.BusinessInformationAgency/","","","","დილერები; ელექტროხელსაწყოებით და ელექტროპროდუქციით ვაჭრობა","","","","","ორშაბათი - კვირა: 10:00 - 19:00","","","","https://www.bia.ge/Company/98206","Subcategory 3279","3279","Direct",""
"14577","NEOTEK","ნეოტეკი","","404945084","0114, თბილისი, ისანი-სამგორის რაიონი, კრწანისის ქ. 56","","+995599684006","","","","https://www.facebook.com/BIA.BusinessInformationAgency/","","","","დილერები; კომპიუტერული ტექნიკით და აქსესუარებით ვაჭრობა (საბითუმო); კომპიუტერული ტექნიკით და აქსესუარებით ვაჭრობა (საცალო); ციფრული ტექნიკით ვაჭრობა; საყოფაცხოვრებო ტექნიკით ვაჭრობა (საბითუმო); საყოფაცხოვრებო ტექნიკით ვაჭრობა (საცალო)","","","","","ორშაბათი - კვირა: 10:00 - 18:30","","","","https://www.bia.ge/Company/14577","Subcategory 3279","3279","Direct",""
"93208","ავტო სტარტი","ავტო სტარტი","","426114233","1200, სამცხე-ჯავახეთი, ბორჯომის რაიონი, ბორჯომი, რუსთაველის ქ. 51ა","","+995595509592","","","","https://www.facebook.com/BIA.BusinessInformationAgency/","","","","ავტონაწილებითა და აქსესუარებით ვაჭრობა (საცალო); ავტონაწილებითა და აქსესუარებით ვაჭრობა (საბითუმო); დილერები","","","","","ორშაბათი - კვირა: 09:00 - 19:00","","","","https://www.bia.ge/Company/93208","Subcategory 3279","3279","Direct",""
"41582","გაბ","გაბ","","405072558","0194, თბილისი, ვაკე-საბურთალოს რაიონი, მიცკევიჩის ქ. 12, ბ. 7","","+995579113331","","","","https://www.facebook.com/BIA.BusinessInformationAgency/","","","","დილერები; ლაქ-საღებავებით, წებოებით, სამშენებლო ქიმიით ვაჭრობა","","","","","ორშაბათი - კვირა: 09:00 - 18:00","","","","https://www.bia.ge/Company/41582","Subcategory 3279","3279","Direct",""
"67338","გალერეა თელავი","გალერეა თელავი","","431175435","2200, კახეთი, თელავის რაიონი, თელავი, ალაზნის გამზ. 43","","+995595505009","","","","https://www.facebook.com/Gallery-Telavi-%E1%83%92%E1%83%90%E1%83%9A%E1%83%94%E1%83%A0%E1%83%94%E1%83%90-%E1%83%97%E1%83%94%E1%83%9A%E1%83%90%E1%83%95%E1%83%98-2568792793134354/","","","","დილერები; ავეჯით ვაჭრობა; ავეჯით ვაჭრობა (საოფისე); რბილი ავეჯით ვაჭრობა","","","","","ორშაბათი - კვირა: 10:00 - 18:00","","","","https://www.bia.ge/Company/67338","Subcategory 3279","3279","Direct",""
"65060","ლუდის სამყარო გლდანში","ლუდის სამყარო გლდანში","","438728254","3912, იმერეთი, სამტრედიის რაიონი, კულაში, მეგობრობის ქ. 16","","","","","","https://ka-ge.facebook.com/people/%E1%83%9A%E1%83%A3%E1%83%93%E1%83%98%E1%83%A1-%E1%83%A1%E1%83%90%E1%83%9B%E1%83%A7%E1%83%90%E1%83%A0%E1%83%9D-%E1%83%92%E1%83%9A%E1%83%93%E1%83%90%E1%83%9C%E1%83%A8%E1%83%98/100010748705361","","","","დილერები; ლუდით ვაჭრობა (საცალო)","","","","","ორშაბათი - კვირა: 09:30 - 23:00","","","","https://www.bia.ge/Company/65060","Subcategory 3279","3279","Direct",""
"124429","ქორაშ","ქორაშ","","415112372","4400, სამეგრელო-ზემო სვანეთი, ფოთი, გაგრის ქ. 16, ბ. 13","","+995595320507","","","","https://www.facebook.com/www.embawood.ge","","","","დილერები; ავეჯით ვაჭრობა; ავეჯით ვაჭრობა (საოფისე); სამზარეულოს ავეჯით ვაჭრობა; რბილი ავეჯით ვაჭრობა","","","","","ორშაბათი - კვირა: 10:00 - 18:00","","","","https://www.bia.ge/Company/124429","Subcategory 3279","3279","Direct",""
"118106","ეიენსი ჯგუფი","ეიენსი ჯგუფი","","438116334","3800, კახეთი, საგარეჯოს რაიონი, საგარეჯო, ერეკლე II ქ. 212","","+995555212161","","","","https://www.facebook.com/BIA.BusinessInformationAgency/","","","","დილერები; ფრინველის საკვებით ვაჭრობა; ცხოველების საკვებით ვაჭრობა","","","","","ორშაბათი - კვირა: 09:00 - 18:00","","","","https://www.bia.ge/Company/118106","Subcategory 3279","3279","Direct",""
"94954","ზუკო","ზუკო","","400029759","0197, თბილისი, გლდანი-ნაძალადევის რაიონი, ზღვის უბანი (თემქა) IV მ/რ 2 კორპ., ბ. 47","","","","","","https://www.facebook.com/BIA.BusinessInformationAgency/","","","","დილერები; ელექტროხელსაწყოებით და ელექტროპროდუქციით ვაჭრობა","","","","","ორშაბათი - კვირა: 08:30 - 17:30","","","","https://www.bia.ge/Company/94954","Subcategory 3279","3279","Direct",""
"3913","მასტერ თრეიდი","მასტერ თრეიდი","","205217941","0160, თბილისი, ვაკე-საბურთალოს რაიონი, დ. გამრეკელის ქ. 19","","+995599134443; +995322910504","","","http://www.snickers.ge/","https://www.facebook.com/Master-Trade-მასტერ-თრეიდი-2742395332652833/","","","","დისტრიბუტორები; დილერები; შოკოლადის ნაწარმით ვაჭრობა; საღეჭი რეზინით ვაჭრობა (საბითუმო); ტკბილეულით ვაჭრობა; ცხოველების საკვებით ვაჭრობა","","","","","ორშაბათი - პარასკევი: 09:30 - 17:00","","","","https://www.bia.ge/Company/3913","Subcategory 3279","3279","Direct",""
"101051","ა.ვ.ა ინტერნეიშენალი","ა.ვ.ა ინტერნეიშენალი","","400248406","0180, თბილისი, დიდუბე-ჩუღურეთის რაიონი, ზესტაფონის ქ. 4/14, 1 კორპ., ბ. 26","","","","","","https://www.facebook.com/BIA.BusinessInformationAgency/","","","","დილერები; კვების პროდუქტებით ვაჭრობა (საბითუმო); ტკბილეულით ვაჭრობა; მედიკამენტებით ვაჭრობა; ბავშვთა საკვები პროდუქტებით ვაჭრობა (საბითუმო)","","","","","არანორმირებული","","","","https://www.bia.ge/Company/101051","Subcategory 3279","3279","Direct",""
"104065","ბმბ","ბმბ","","426538482","1329, ქვემო ქართლი, გარდაბნის რაიონი, ყარაჯალარი 10, 25","","","","","","https://www.facebook.com/BIA.BusinessInformationAgency/","","","","დილერები; კარებით ვაჭრობა","","","","","ორშაბათი - პარასკევი: 09:00 - 18:00","","","","https://www.bia.ge/Company/104065","Subcategory 3279","3279","Direct",""
"93324","ენერჯი","ენერჯი","","400113854","0159, თბილისი, დიდუბე-ჩუღურეთის რაიონი, ბელიაშვილის ქ. 35","","+995577739339; +995322880820","","","https://www.ener.ge/","https://www.facebook.com/www.ener.ge","","https://www.linkedin.com/company/ener-ge/","https://www.youtube.com/channel/UCOvvHAz5HY90WH-dk7ERCZQ?view_as=subscriber","ავტოსერვისის და ავტოსამრეცხაო დანადგარებით; მოწყობილობებით ვაჭრობა; ავტოსერვისის და ავტოსამრეცხაო დანადგარებით, მოწყობილობებით ვაჭრობა; დილერები; ონლაინ პლატფორმა; კონდენციონერებით ვაჭრობა და მონტაჟი; სამშენებლო ტექნიკით და ინსტრუმენტებით ვაჭრობა; ელექტროხელსაწყოებით და ელექტროპროდუქციით ვაჭრობა; გათბობის სისტემებით და მოწყობილობებით ვაჭრობა, მონტაჟი; სავენტილაციო სისტემებით და მოწყობილობებით ვაჭრობა,მონტაჟი; დასუფთავების, ქიმწმენდის, სამრეცხაოს დანადგარებით ვაჭრობა","","","","","ორშაბათი - კვირა: 10:00 - 19:00","","","","https://www.bia.ge/Company/93324","Subcategory 3279","3279","Direct",""
"118105","ვეტები","ვეტები","","438109690","3800, კახეთი, საგარეჯოს რაიონი, საგარეჯო, ზ. ქურხულის ქ. 11","","+995598181840","","","","https://www.facebook.com/profile.php?id=100063572822687","","","","დილერები; ვეტერინარული აფთიაქები; ვეტერინარული მომსახურება; ცხოველების საკვებით ვაჭრობა; ფრინველის საკვებით ვაჭრობა","","","","","ორშაბათი - კვირა: 10:00 - 19:00","","","","https://www.bia.ge/Company/118105","Subcategory 3279","3279","Direct",""
"108069","თი","ტოიოტა ცენტრი ბათუმი","","445580773","6000, აჭარის ავტონომიური რესპუბლიკა, ბათუმი, ლეონიძის ქ. 29","","+995422246006","","","https://www.toyota.ge/dealers/tba","https://www.facebook.com/BIA.BusinessInformationAgency/","","","","ავტოსერვისი; ავტომობილებით ვაჭრობა; ავტონაწილებითა და აქსესუარებით ვაჭრობა (საცალო); დილერები","","","","","ორშაბათი - პარასკევი: 09:30 - 18:30","","","","https://www.bia.ge/Company/108069","Subcategory 3279","3279","Direct",""
"91961","მოკა","მოკა","","404535320","0102, თბილისი, დიდუბე-ჩუღურეთის რაიონი, კ. მარჯანიშვილის ქ. 16, 4 კორპ., ბ. 10","","","","","","https://www.facebook.com/BIA.BusinessInformationAgency/","","","","დილერები; ყავის აპარატებით ვაჭრობა, მომსახურება","","","","","ორშაბათი - შაბათი: 10:00 - 19:00","","","","https://www.bia.ge/Company/91961","Subcategory 3279","3279","Direct",""
"120612","ნოვკომ","პეჟო საქართველო","","404535614","0102, თბილისი, დიდუბე-ჩუღურეთის რაიონი, დ. აღმაშენებლის გამზ. 129 ა","","+995322192195","","","","https://www.facebook.com/PeugeotGeorgia.Off/","","","","ავტომობილებით ვაჭრობა; დილერები","","","","","ორშაბათი - პარასკევი: 10:00 - 18:00","","","","https://www.bia.ge/Company/120612","Subcategory 3279","3279","Direct",""
"99440","ფუდ ტრეიდი","ფუდ ტრეიდი","","412736990","4600, იმერეთი, ქუთაისი, ანჯაფარიძის ქ. 52","","","","","","https://www.facebook.com/BIA.BusinessInformationAgency/","","","","დისტრიბუტორები; დილერები; ხორცპროდუქტებით, ძეხვეულით ვაჭრობა (საბითუმო)","","","","","ორშაბათი - პარასკევი: 09:00 - 18:00","","","","https://www.bia.ge/Company/99440","Subcategory 3279","3279","Direct",""
"102861","ქლინეთიკა","ქლინეთიკა","","400261514","0167, თბილისი, გლდანი-ნაძალადევის რაიონი, გლდანის მას. 3 მ/რ 71 კორპ., ბ. 21","","","","","","https://www.facebook.com/CleaneticaGeorgia","","","","დილერები; დასუფთავების, ქიმწმენდის, სამრეცხაოს დანადგარებით ვაჭრობა; სარეცხი და საწმენდი საშუალებებით ვაჭრობა (საცალო)","","","","","ორშაბათი - პარასკევი: 10:00 - 18:00","","","","https://www.bia.ge/Company/102861","Subcategory 3279","3279","Direct",""
"94669","ჯეოფერტ ვესთ","ჯეოფერტ ვესთ","","420426881","2100, სამეგრელო-ზემო სვანეთი, ზუგდიდის რაიონი, ზუგდიდი, ანთელავას ქ. 17","","","","","","https://www.facebook.com/BIA.BusinessInformationAgency/","","","","დილერები; პესტიციდებით ვაჭრობა; ქიმიკატებით, სასუქებით,მცენარეთა დაცვის საშუალებებით ვაჭრობა","","","","","ორშაბათი - კვირა: 10:00 - 19:00","","","","https://www.bia.ge/Company/94669","Subcategory 3279","3279","Direct",""
"94541","ჯი ეს ჯგუფი","ჯი ეს ჯგუფი","","424252944","0800, სამცხე-ჯავახეთი, ახალციხის რაიონი, ახალციხე, წმ. ანდრია პირველწოდებულის ქ. 13","","","","","","https://www.facebook.com/BIA.BusinessInformationAgency/","","","","დისტრიბუტორები; დილერები; კვების პროდუქტებით ვაჭრობა (საბითუმო); ტკბილეულით ვაჭრობა; შოკოლადის ნაწარმით ვაჭრობა; უალკოჰოლო სასმელებით ვაჭრობა (საბითუმო); ნატურალური წვენებით ვაჭრობა; არყით ვაჭრობა; ალკოჰოლური სასმელებით ვაჭრობა (საბითუმო)","","","","","ორშაბათი - შაბათი: 10:00 - 18:00","","","","https://www.bia.ge/Company/94541","Subcategory 3279","3279","Direct",""
"105712","ბურსა","პანცელეონი","","441560981","4800, კახეთი, ყვარლის რაიონი, ყვარელი, ი. ჭავჭავაძის ქ. VI შეს., ბ. 5","","","","","","https://www.facebook.com/BIA.BusinessInformationAgency/","","","","დილერები; საყოფაცხოვრებო ტექნიკით ვაჭრობა (საცალო); ავეჯით ვაჭრობა","","","","","ორშაბათი - შაბათი: 10:00 - 18:00","","","","https://www.bia.ge/Company/105712","Subcategory 3279","3279","Direct",""
"98140","მოკა","კაფიტალი სისტემს","","405268017","0183, თბილისი, ვაკე-საბურთალოს რაიონი, ზარწემის ქ. 40","","+995555456191; +995322252930","","","https://www.caffitaly.com.ge/","https://www.facebook.com/MOKAGEORGIA","","","","დილერები; ყავით ვაჭრობა; ყავის აპარატებით ვაჭრობა, მომსახურება","","","","პრემიუმ ხარისხის ყავის აპარატები და კაფსულები","ორშაბათი - კვირა: 09:00 - 19:00","","","","https://www.bia.ge/Company/98140","Subcategory 3279","3279","Direct",""
"147","ტოიოტა კავკასია","ტოიოტა კავკასია","","236089273","0189, თბილისი, გლდანი-ნაძალადევის რაიონი, ე. ანდრონიკაშვილის ქ. 31ბ","","+995322720045; +995322720046","","","http://www.toyota.ge/","https://www.facebook.com/toyota.ge","","","https://www.youtube.com/channel/UCEvSxlWgrMlxboYLQvQH24w","ავტომობილებით ვაჭრობა; ავტონაწილებითა და აქსესუარებით ვაჭრობა (საბითუმო); მეორადი ავტომობილებით ვაჭრობა; დილერები","","","","","ორშაბათი - პარასკევი: 09:30 - 18:00","","","","https://www.bia.ge/Company/147","Subcategory 3279","3279","Direct",""
"124984","კაპიტალ +","კაპიტალ +","","216443285","3700, ქვემო ქართლი, რუსთავი, მშვიდობის ქ. მიმდებარე ტერიტორია","","","","","","https://www.facebook.com/BIA.BusinessInformationAgency/","","","","დილერები; დისტრიბუტორები; სამშენებლო მასალებით ვაჭრობა (საბითუმო); ცემენტით ვაჭრობა","","","","","ორშაბათი - პარასკევი: 09:00 - 18:00","","","","https://www.bia.ge/Company/124984","Subcategory 3279","3279","Direct",""
"32728","ელიტ ტექნიკა","ელიტ ტექნიკა","","441556745","4800, კახეთი, ყვარლის რაიონი, ყვარელი, ჭავჭავაძის ქ. 182","","","","","","https://www.facebook.com/BIA.BusinessInformationAgency/","","","","დილერები; საყოფაცხოვრებო ტექნიკით ვაჭრობა (საცალო)","","","","","ორშაბათი - შაბათი: 10:00 - 18:00","","","","https://www.bia.ge/Company/32728","Subcategory 3279","3279","Direct",""
"98759","ელ თი","ლექსუს თბილისი","","402049617","0112, თბილისი, ვაკე-საბურთალოს რაიონი, დ. აღმაშენებლის ხეივანი 160","","+995322225588","","","https://www.lexusgeorgia.ge/","https://www.facebook.com/LexusTbilisi/","","","","ავტომობილებით ვაჭრობა; ავტონაწილებითა და აქსესუარებით ვაჭრობა (საცალო); ავტოსერვისი; დილერები","","","","","ორშაბათი - პარასკევი: 09:30 - 18:30","","","","https://www.bia.ge/Company/98759","Subcategory 3279","3279","Direct",""
"102364","ეარსისტემს","ეარსისტემს","","404572761","0108, თბილისი, ძველი თბილისის რაიონი, გრიბოედოვის ქ. 5","","+995577040028","","","http://airsystems.ge/","https://www.facebook.com/AirSystems.ge","","","","დილერები; გენერატორებით და სტაბილიზატორებით ვაჭრობა,მონტაჟი; სავენტილაციო სისტემებით და მოწყობილობებით ვაჭრობა,მონტაჟი; კონდენციონერებით ვაჭრობა და მონტაჟი; ავზებით ვაჭრობა; კავშირგაბმულობის ბაზების მშენებლობა; ლითონის ნაკეთობების წარმოება; ლითონის ნაკეთობებით ვაჭრობა; თბოსაიზოლაციო მასალებით ვაჭრობა; სატელეკომუნიკაციო მომსახურება; საქალაქთაშორისო და საერთაშორისო სატელეფონო კავშირი; უსაფრთხოების სისტემებით, მოწყობილობებით ვაჭრობა და მონტაჟი; ხანძარსაწინააღმდეგო ავტომატური სისტემებით ვაჭრობა და მონტაჟი","","","","","ორშაბათი - პარასკევი: 10:00 - 18:00","","","","https://www.bia.ge/Company/102364","Subcategory 3279","3279","Direct",""
"73071","devochki","დევოჩკი","","406062638","0168, თბილისი, ისანი-სამგორის რაიონი, ბ. ჭიჭინაძის ქ. 19, ბ. 25","","","","","","https://www.facebook.com/BIA.BusinessInformationAgency/","","","","დილერები; გადახდის ტერმინალები","","","","","","","","","https://www.bia.ge/Company/73071","Subcategory 3279","3279","Direct",""
"46583","არება","არება","","429321771","1800, მცხეთა-მთიანეთი, დუშეთის რაიონი, დუშეთი, სტალინის ქ. 64","","","","","","https://www.facebook.com/BIA.BusinessInformationAgency/","","","","დილერები; საყოფაცხოვრებო საქონლით ვაჭრობა; ავეჯით ვაჭრობა; ავეჯით ვაჭრობა (საოფისე)","","","","","","","","","https://www.bia.ge/Company/46583","Subcategory 3279","3279","Direct",""
"94919","ბაბუ გრუპ","ბაბუ გრუპ","","405002624","0186, თბილისი, ვაკე-საბურთალოს რაიონი, ვაჟა-ფშაველას VII კვ. 5ა კორპ., ბ. 68","","","","","","https://www.facebook.com/BIA.BusinessInformationAgency/","","","","დილერები; ელექტროხელსაწყოებით და ელექტროპროდუქციით ვაჭრობა","","","","","","","","","https://www.bia.ge/Company/94919","Subcategory 3279","3279","Direct",""
"94939","ბაუთულს","ბაუთულს","","405136678","0126, თბილისი, ვაკე-საბურთალოს რაიონი, სოფელი დიღომი","","","","","","https://www.facebook.com/BIA.BusinessInformationAgency/","","","","დილერები; ელექტროხელსაწყოებით და ელექტროპროდუქციით ვაჭრობა","","","","","","","","","https://www.bia.ge/Company/94939","Subcategory 3279","3279","Direct",""
"83202","ბბგ","ბბგ","","216454593","3700, ქვემო ქართლი, რუსთავი, თოდრიას ქ. 19/101","","","","","","https://www.facebook.com/BIA.BusinessInformationAgency/","","","","დილერები; საყოფაცხოვრებო ტექნიკით ვაჭრობა (საცალო)","","","","","","","","","https://www.bia.ge/Company/83202","Subcategory 3279","3279","Direct",""
"9090","გლობალ ტექნიქსი","გლობალ ტექნიქსი","","404896706","0177, თბილისი, ვაკე-საბურთალოს რაიონი, ვაჟა-ფშაველას I შეს. 3, ბ. 221","","","","","","https://www.facebook.com/BIA.BusinessInformationAgency/","","","","დილერები; კომპიუტერული ტექნიკით და აქსესუარებით ვაჭრობა (საცალო); საყოფაცხოვრებო ტექნიკით ვაჭრობა (საცალო); ციფრული ტექნიკით ვაჭრობა; მობილური ტელეფონებით და აქსესუარებით ვაჭრობა (საცალო)","","","","","","","","","https://www.bia.ge/Company/9090","Subcategory 3279","3279","Direct",""
"30725","დ.ი.დ. ჯგუფი","დ.ი.დ. ჯგუფი","","419991414","2100, სამეგრელო-ზემო სვანეთი, ზუგდიდის რაიონი, ზუგდიდი, დუტუ მეგრელის ქ. I შეს., 1","","","","","","https://www.facebook.com/BIA.BusinessInformationAgency/","","","","დილერები; კომპიუტერული ტექნიკით და აქსესუარებით ვაჭრობა (საცალო); გათბობის სისტემებით და მოწყობილობებით ვაჭრობა, მონტაჟი; კონდენციონერებით ვაჭრობა და მონტაჟი; ციფრული ტექნიკით ვაჭრობა; საყოფაცხოვრებო ტექნიკით ვაჭრობა (საცალო); მობილური ტელეფონებით და აქსესუარებით ვაჭრობა (საცალო)","","","","","","","","","https://www.bia.ge/Company/30725","Subcategory 3279","3279","Direct",""
"36181","ელმიქს","ელმიქს","","423352730","0700, სამცხე-ჯავახეთი, ახალქალაქის რაიონი, ახალქალაქი, თამარ მეფის გამზ. 80/1","ს რაიონი, ახალქალაქი, თამარ მეფის გამზ. 80/1","","","","","https://www.facebook.com/BIA.BusinessInformationAgency/","","","","დილერები; საყოფაცხოვრებო ტექნიკით ვაჭრობა (საცალო)","","","","","","","","","https://www.bia.ge/Company/36181","Subcategory 3279","3279","Direct",""
"50581","ელსანი","ემბავუდი","","421271787","4600, იმერეთი, ქუთაისი, ხუნდაძის ქ. 51ა, ბ. 31","","","","","","https://www.facebook.com/BIA.BusinessInformationAgency/","","","","დილერები; ავეჯით ვაჭრობა; ავეჯით ვაჭრობა (საოფისე); სამზარეულოს ავეჯით ვაჭრობა; რბილი ავეჯით ვაჭრობა","","","","","","","","","https://www.bia.ge/Company/50581","Subcategory 3279","3279","Direct",""
"36618","თამთა–87","თამთა 87","","441557165","4800, კახეთი, ყვარლის რაიონი, ყვარელი, ი. ჭავჭავაძის ქ. VI შეს., 5","","","","","","https://www.facebook.com/BIA.BusinessInformationAgency/","","","","დილერები; ავეჯით ვაჭრობა; სამზარეულოს ავეჯით ვაჭრობა","","","","","","","","","https://www.bia.ge/Company/36618","Subcategory 3279","3279","Direct",""
"13531","თევდორე ზანდარაშვილი","თევდორე ზანდარაშვილი","","01030019948","0101, თბილისი, დიდუბე-ჩუღურეთის რაიონი, რეხის ქ. 5","","","","","","https://www.facebook.com/BIA.BusinessInformationAgency/","","","","დილერები; საყოფაცხოვრებო ტექნიკით ვაჭრობა (საცალო)","","","","","","","","","https://www.bia.ge/Company/13531","Subcategory 3279","3279","Direct",""
"41643","ლუკა 2015","ემბავუდი","","419994732","2100, სამეგრელო-ზემო სვანეთი, ზუგდიდის რაიონი, რუხი","","","","","","https://www.facebook.com/BIA.BusinessInformationAgency/","","","","დილერები; ავეჯით ვაჭრობა; ავეჯის წარმოება; ავეჯის წარმოება (საოფისე); რბილი ავეჯით ვაჭრობა; სამზარეულოს ავეჯით ვაჭრობა; სამზარეულოს ავეჯის წარმოება","","","","","","","","","https://www.bia.ge/Company/41643","Subcategory 3279","3279","Direct",""
"7052","BIA","","","","","","","","","","https://www.facebook.com/BIA.BusinessInformationAgency/","","","","","","","","","","","","","https://www.bia.ge/Company/7052","Subcategory 3279","3279","Direct",""
"3884","ნიუ სტაილ","ნიუ სტაილ","","205168398","0159, თბილისი, ვაკე-საბურთალოს რაიონი, პ. სარაჯიშვილის ქ. 11","","","","","","https://www.facebook.com/BIA.BusinessInformationAgency/","","","","დილერები; მეტალო–პლასტმასის მასალებით ვაჭრობა","","","","","","","","","https://www.bia.ge/Company/3884","Subcategory 3279","3279","Direct",""
"102963","პარტნერს","პარტნერს","","402119863","0131, თბილისი, ვაკე-საბურთალოს რაიონი, პ. იბერის ქ. 24 ბლოკი გ, ბ. 35","","","","","","https://www.facebook.com/BIA.BusinessInformationAgency/","","","","დილერები; სამზარეულოს დანადგარებით ვაჭრობა; სასტუმროსთვის საჭირო ინვენტარით ვაჭრობა; მეორადი მოხმარების საქონლით ვაჭრობა","","","","","","","","","https://www.bia.ge/Company/102963","Subcategory 3279","3279","Direct",""
"105838","საქ. ტექ. გრუპი","ჰიუნდაი","","406293390","0103, თბილისი, ისანი-სამგორის რაიონი, დედოფლისწყაროს ქ. 50/18, გ ბლოკი, ბ. 69","","","","","","https://www.facebook.com/BIA.BusinessInformationAgency/","","","","დილერები; სასოფლო–სამეურნეო ინვენტარით, ტექნიკით, მოწყობილობით ვაჭრობა","","","","","","","","","https://www.bia.ge/Company/105838","Subcategory 3279","3279","Direct",""
"64385","სმაილი 2016","სმაილი 2016","","405150330","0186, თბილისი, ვაკე-საბურთალოს რაიონი, ვაჟა-ფშაველას III კვ. 10 კორპ., ბ. 50","","","","","","https://www.facebook.com/BIA.BusinessInformationAgency/","","","","დილერები; კომპიუტერული ტექნიკით და აქსესუარებით ვაჭრობა (საცალო); კონდენციონერებით ვაჭრობა და მონტაჟი; გათბობის სისტემებით და მოწყობილობებით ვაჭრობა, მონტაჟი; საყოფაცხოვრებო ტექნიკით ვაჭრობა (საცალო); ციფრული ტექნიკით ვაჭრობა; ვიდეო–აუდიო ტექნიკით საცალო ვაჭრობა; მობილური ტელეფონებით და აქსესუარებით ვაჭრობა (საცალო)","","","","","","","","","https://www.bia.ge/Company/64385","Subcategory 3279","3279","Direct",""
"7415","ტექნოლიდერ","ტექნოლიდერ","","245442882","6000, აჭარის ავტონომიური რესპუბლიკა, ბათუმი, ერას ქ. 73","","","","","","https://www.facebook.com/BIA.BusinessInformationAgency/","","","","დილერები; კომპიუტერული ტექნიკით და აქსესუარებით ვაჭრობა (საცალო); კონდენციონერებით ვაჭრობა და მონტაჟი; გათბობის სისტემებით და მოწყობილობებით ვაჭრობა, მონტაჟი; სამზარეულოს ავეჯით ვაჭრობა; საყოფაცხოვრებო ტექნიკით ვაჭრობა (საცალო); მობილური ტელეფონებით და აქსესუარებით ვაჭრობა (საცალო)","","","","","","","","","https://www.bia.ge/Company/7415","Subcategory 3279","3279","Direct",""
"5257","ილია გოგიძე","ილია გოგიძე","","01022000808","0141, თბილისი, გლდანი-ნაძალადევის რაიონი, ხორნაბუჯის ქ. 56","","","","","","https://www.facebook.com/BIA.BusinessInformationAgency/","","","","ავტომობილებით ვაჭრობა; დილერები","","","","","","","","","https://www.bia.ge/Company/5257","Subcategory 3279","3279","Direct",""
"124314","ყვითელი","ყვითელი","","405704714","0171, თბილისი, ვაკე-საბურთალოს რაიონი, ს. ჩიქოვანის ქ. 24, ბ. 6","","","","","","https://www.facebook.com/BIA.BusinessInformationAgency/","","","","დილერები; კომპიუტერული ტექნიკით და აქსესუარებით ვაჭრობა (საბითუმო); ინტერნეტ მაღაზიები; ვიდეო–აუდიო ტექნიკით საბითუმო ვაჭრობა; საყოფაცხოვრებო ტექნიკით ვაჭრობა (საბითუმო)","","","","","","","","","https://www.bia.ge/Company/124314","Subcategory 3279","3279","Direct",""
"94953","ჯეოტექნო","ჯეოტექნო","","445407266","6000, აჭარის ავტონომიური რესპუბლიკა, ბათუმი, ლ. ასათიანი ქ. 71, ბ. 6","","","","","","https://www.facebook.com/BIA.BusinessInformationAgency/","","","","დილერები; ელექტროხელსაწყოებით და ელექტროპროდუქციით ვაჭრობა","","","","","","","","","https://www.bia.ge/Company/94953","Subcategory 3279","3279","Direct",""
"71018","სოლო–2012","სოლო 2012","","446954813","6200, აჭარის ავტონომიური რესპუბლიკა, ქობულეთის რაიონი, ქობულეთი, მ. აბაშიძის ქ. 12, ბ. 37","","","","","","https://www.facebook.com/BIA.BusinessInformationAgency/","","","","დილერები; გადახდის ტერმინალები","","","","","","","","","https://www.bia.ge/Company/71018","Subcategory 3279","3279","Direct",""
"36617","ჯი ჯგუფი","ჯი ჯგუფი","","441557049","4800, კახეთი, ყვარლის რაიონი, ყვარელი, ჭავჭავაძის ქ. 21","","","","","","https://www.facebook.com/BIA.BusinessInformationAgency/","","","","დილერები; საყოფაცხოვრებო ტექნიკით ვაჭრობა (საცალო); ციფრული ტექნიკით ვაჭრობა","","","","","","","","","https://www.bia.ge/Company/36617","Subcategory 3279","3279","Direct",""
"4493","იკა 2010","იკა 2010","","245628628","6000, აჭარის ავტონომიური რესპუბლიკა, ბათუმი, კ. გამსახურდიას ქ. 47","","+995571100000","","","","https://www.facebook.com/BIA.BusinessInformationAgency/","","","","დილერები; მობილური კავშირის დილერები","","","","","","","","","https://www.bia.ge/Company/4493","Subcategory 3279","3279","Direct",""
"7229","აჭარა პარტნიორი","აჭარა პარტნიორი","","445395108","6000, აჭარის ავტონომიური რესპუბლიკა, ბათუმი, ლ. ასათიანი ქ. 5, ბ. 5","","+995574305001","","","","https://www.facebook.com/BIA.BusinessInformationAgency/","","","","ბენზინგასამართი სადგურები; დილერები","","","","","","","","","https://www.bia.ge/Company/7229","Subcategory 3279","3279","Direct",""
"13614","ელექტროლუქსი","ელექტროლუქსი","","415589688","5500, იმერეთი, ჭიათურის რაიონი, ჭიათურა, პატარიძის ქ. 2, ბ. 20","","+995551212108","","","","https://www.facebook.com/BIA.BusinessInformationAgency/","","","","დილერები; საყოფაცხოვრებო ტექნიკით ვაჭრობა (საცალო)","","","","","","","","","https://www.bia.ge/Company/13614","Subcategory 3279","3279","Direct",""
"21645","ირვა","ირვა","","406087130","0127, თბილისი, ისანი-სამგორის რაიონი, ფონიჭალა 12 კორპ., ბ. 22","","+995599119575","","","","https://www.facebook.com/BIA.BusinessInformationAgency/","","","","დილერები; ავეჯით ვაჭრობა","","","","","","","","","https://www.bia.ge/Company/21645","Subcategory 3279","3279","Direct",""
"1287","ლ & მ","ლ & მ","","206166646","0152, თბილისი, ისანი-სამგორის რაიონი, ვაზისუბნის 4 მ/რ I კვ., 19 კორპ., ბ. 40","","","","","","https://www.facebook.com/BIA.BusinessInformationAgency/","","","","ბენზინგასამართი სადგურები; დილერები","","","","","","","","","https://www.bia.ge/Company/1287","Subcategory 3279","3279","Direct",""
"21151","წერო","წერო","","401979828","0119, თბილისი, დიდუბე-ჩუღურეთის რაიონი, სამტრედიის ქ. 3 კორპ., ბ. 47","","+995570701615","","","","https://www.facebook.com/BIA.BusinessInformationAgency/","","","","დილერები; კვების პროდუქტებით ვაჭრობა (საბითუმო)","","","","","","","","","https://www.bia.ge/Company/21151","Subcategory 3279","3279","Direct",""